--TABELA CADASTRO
INSERT INTO CADASTRO(CPF, DATANASCIMENTO, EMAIL, SENHA, NOME, PAIS, ESTADO,
CIDADE, BAIRRO, RUA, NUMERO, COMPLEMENTO) 
VALUES(
	'63363932162',
	'22/12/1983',
	'JoaoMartinsCavalcanti@dayrep.com',
	'keipha9Moa',
	'Joao Martins Cavalcanti',
	'Brasil',
	'RS' ,
	'Água Santa',
	'Centro' ,
	'Rua Padre Júlio Marin',
	 669,
	'CASA'
);

INSERT INTO CADASTRO(CPF, DATANASCIMENTO, EMAIL, SENHA, NOME, PAIS, ESTADO,
CIDADE, BAIRRO, RUA, NUMERO, COMPLEMENTO) 
VALUES(
	'77619654470',
	'25/11/1994',
	'rayssastellanat@liacampos.com',
	'UxoGgUNd7y',
	'Rayssa Stella Natália Campos',
	'Brasil',
	'RN' ,
	'Almino Afonso',
	'Centro' ,
	'Rua Florentina Nunes',
	 22,
	'CASA'
);

INSERT INTO CADASTRO(CPF, DATANASCIMENTO, EMAIL, SENHA, NOME, PAIS, ESTADO,
CIDADE, BAIRRO, RUA, NUMERO, COMPLEMENTO) 
VALUES(
	'39667003280',
	'16/04/1999',
	'ccarloseduardojojo@cosma.com',
	'qiB9emlNpo',
	'Carlos Eduardo João Araújo',
	'Brasil',
	'AC' ,
	'Campinas',
	'Centro' ,
	'Rua Kaxinawás',
	 770,
	'CASA'
);

INSERT INTO CADASTRO(CPF, DATANASCIMENTO, EMAIL, SENHA, NOME, PAIS, ESTADO,
CIDADE, BAIRRO, RUA, NUMERO, COMPLEMENTO) 
VALUES(
	'98479365447',
	'09/04/1998',
	'carolinealmeida-92@etep.edu.br',
	'j9Hd2mPxA2',
	'Caroline Betina Vitória Almeida',
	'Brasil',
	'AL' ,
	'Belém',
	'Centro' ,
	'Rua do Comércio 123',
	 683,
	'APARTAMENTO'
);

INSERT INTO CADASTRO(CPF, DATANASCIMENTO, EMAIL, SENHA, NOME, PAIS, ESTADO,
CIDADE, BAIRRO, RUA, NUMERO, COMPLEMENTO) 
VALUES(
	'99511923510',
	'02/03/1996',
	'brunalima@techdomus.com.br',
	'6kG0hp7roK',
	'Lívia Bruna Lima',
	'Brasil',
	'BA' ,
	'Barra do Rocha',
	'Centro' ,
	'Rua Otávio Mangabeira 01',
	 257,
	'CASA'
);
INSERT INTO CADASTRO(CPF, DATANASCIMENTO, EMAIL, SENHA, NOME, PAIS, ESTADO,
CIDADE, BAIRRO, RUA, NUMERO, COMPLEMENTO) 
VALUES(
	'41639742379',
	'22/03/1995',
	'gabrieleduardofreitas@tadex.com.br',
	'BYFaXyzpXi',
	'Gabriel Eduardo Freitas',
	'Brasil',
	'CE' ,
	'Aguaí',
	'Centro' ,
	'Rua Principal, s/n',
	 528,
	'CASA'
);
INSERT INTO CADASTRO(CPF, DATANASCIMENTO, EMAIL, SENHA, NOME, PAIS, ESTADO,
CIDADE, BAIRRO, RUA, NUMERO, COMPLEMENTO) 
VALUES(
	'37266741360',
	'25/12/1994',
	'ricardoribeiro@ntiequipamentos.com.br',
	'bUMwFccuN3',
	'Lucca Luiz Ricardo Ribeiro',
	'Brasil',
	'CE' ,
	'Campos',
	'Centro' ,
	'Rua Principal, s/n',
	 577,
	'CASA'
);
INSERT INTO CADASTRO(CPF, DATANASCIMENTO, EMAIL, SENHA, NOME, PAIS, ESTADO,
CIDADE, BAIRRO, RUA, NUMERO, COMPLEMENTO) 
VALUES(
	'04853851127',
	'12/08/1993',
	'emanuellylima@supercleanlav.com.br',
	'FekJ6YqRNO',
	'Maria Emanuelly Lima',
	'Brasil',
	'DF' ,
	'Brasília',
	'Setor de Habitações Individuais Norte' ,
	'Quadra SHIN QI 11',
	 466,
	'CASA'
);
INSERT INTO CADASTRO(CPF, DATANASCIMENTO, EMAIL, SENHA, NOME, PAIS, ESTADO,
CIDADE, BAIRRO, RUA, NUMERO, COMPLEMENTO) 
VALUES(
	'41863714154',
	'24/02/1997',
	'ttheopietrobarros@mmetalica.com.br',
	'2ATWIKAc5K',
	'Theo Pietro Barros',
	'Brasil',
	'DF' ,
	'Brasília',
	'Samambaia Norte (Samambaia)' ,
	'Quadra QR 401 Área Especial 2',
	 935,
	'CASA'
);
INSERT INTO CADASTRO(CPF, DATANASCIMENTO, EMAIL, SENHA, NOME, PAIS, ESTADO,
CIDADE, BAIRRO, RUA, NUMERO, COMPLEMENTO) 
VALUES(
	'05638281100',
	'17/07/1993',
	'henriquenascimento@clubedorei.com.br',
	'WFnZmSubhn',
	'Henrique Juan Enrico Nascimento',
	'Brasil',
	'GO' ,
	'Aparecida de Goiânia',
	'Parque Ibirapuera' ,
	'Rua C 10',
	 944,
	'CASA'
);
INSERT INTO CADASTRO(CPF, DATANASCIMENTO, EMAIL, SENHA, NOME, PAIS, ESTADO,
CIDADE, BAIRRO, RUA, NUMERO, COMPLEMENTO) 
VALUES(
	'52244739694',
	'23/06/1990',
	'franciscomiguelima-87@silnave.com.br',
	'cLuAZAc3x0',
	'Francisco Miguel Lima',
	'Brasil',
	'MG' ,
	'Açucena',
	'Centro' ,
	'Rua Praça Edson Miranda 106',
	 403,
	'CASA'
);
INSERT INTO CADASTRO(CPF, DATANASCIMENTO, EMAIL, SENHA, NOME, PAIS, ESTADO,
CIDADE, BAIRRO, RUA, NUMERO, COMPLEMENTO) 
VALUES(
	'98673102413',
	'18/04/1983',
	'leteciaflaviacardoso_@soelegancia.com.br',
	'wIpwCRdZde',
	'Letícia Flávia Cardoso',
	'Brasil',
	'PB' ,
	'Cabedelo',
	'Renascer' ,
	'Rua Jesus de Nazaré',
	 101,
	'APARTAMENTO'
);
INSERT INTO CADASTRO(CPF, DATANASCIMENTO, EMAIL, SENHA, NOME, PAIS, ESTADO,
CIDADE, BAIRRO, RUA, NUMERO, COMPLEMENTO) 
VALUES(
	'32238039473',
	'27/08/1991',
	'enzonicolasrodrigopaula-94@cosma.com',
	'B5gUKuqE0A',
	'Enzo Nicolas Rodrigo de Paula',
	'Brasil',
	'PB' ,
	'Bom Jesus',
	'Centro' ,
	'Rua Central, s/n',
	 605,
	'CASA'
);
INSERT INTO CADASTRO(CPF, DATANASCIMENTO, EMAIL, SENHA, NOME, PAIS, ESTADO,
CIDADE, BAIRRO, RUA, NUMERO, COMPLEMENTO) 
VALUES(
	'97533189442',
	'26/06/1988',
	'julianamarianeisabellima@nogueiramoura.adv.br',
	'u0HplmAAu2',
	'Juliana Mariane Isabel Lima',
	'Brasil',
	'PB' ,
	'Cajazeiras',
	'Centro' ,
	'Rua do Comércio, s/n',
	 139,
	'CASA'
);
INSERT INTO CADASTRO(CPF, DATANASCIMENTO, EMAIL, SENHA, NOME, PAIS, ESTADO,
CIDADE, BAIRRO, RUA, NUMERO, COMPLEMENTO) 
VALUES(
	'17878302332',
	'03/12/1985',
	'henrypedro moura@valeguinchos.com.br',
	'GUtzKC0bkX',
	'André Henry Pedro Moura',
	'Brasil',
	'CE' ,
	'Boa Vista',
	'Centro' ,
	'Rua Cícero Justino Sobrinho, s/n',
	 930,
	'CASA'
);
INSERT INTO CADASTRO(CPF, DATANASCIMENTO, EMAIL, SENHA, NOME, PAIS, ESTADO,
CIDADE, BAIRRO, RUA, NUMERO, COMPLEMENTO) 
VALUES(
	'58297177432',
	'23/02/1995',
	'franciscoryanviniciusmendes-92@portoweb.com.br',
	'FeclTtiF6R',
	'Francisco Ryan Vinicius Mendes',
	'Brasil',
	'PB' ,
	'Boqueirão',
	'Centro' ,
	'Avenida Severino Macedo 22',
	 704,
	'CASA'
);
INSERT INTO CADASTRO(CPF, DATANASCIMENTO, EMAIL, SENHA, NOME, PAIS, ESTADO,
CIDADE, BAIRRO, RUA, NUMERO, COMPLEMENTO) 
VALUES(
	'21244197149',
	'18/05/1982',
	'gabriellystefanyarajo@grupoitaipu.com.br',
	'mNj0ayP36O',
	'Gabrielly Stefany Araújo',
	'Brasil',
	'MT' ,
	'Alta Floresta',
	'Centro' ,
	'Avenida Ariosto da Riva 2379',
	 879,
	'CASA'
);
INSERT INTO CADASTRO(CPF, DATANASCIMENTO, EMAIL, SENHA, NOME, PAIS, ESTADO,
CIDADE, BAIRRO, RUA, NUMERO, COMPLEMENTO) 
VALUES(
	'24134746256',
	'06/09/1989',
	'lorenacarolineemanuellymonteiro@yoma.com.br',
	'Oo8fHH2g1W',
	'Lorena Caroline Emanuelly Monteiro',
	'Brasil',
	'AM' ,
	'Fonte Boa',
	'Cidade Nova' ,
	'Avenida Governador Gilberto Mestrinho 626',
	 962,
	'CASA'
);

--TABELA TIPO_QUARTO

INSERT INTO TIPO_QUARTO(Tipo, Descricao, ValorDiaria)
VALUES(
	'Quarto Solteiro',
	'Quarto com 8m² para uma pessoa, com uma cama de solteiro.',
	80
);

INSERT INTO TIPO_QUARTO(Tipo, Descricao, ValorDiaria)
VALUES(
	'Quarto Duplo Solteiro',
	'Contém duas camas de solteiro destinadas a duas pessoas e com 18m².',
	150
);

INSERT INTO TIPO_QUARTO(Tipo, Descricao, ValorDiaria)
VALUES(
	'Quarto Casal',
	'Quarto com 18m² destinado a duas pessoas, mas com uma cama de casal.',
	180
);

INSERT INTO TIPO_QUARTO(Tipo, Descricao, ValorDiaria)
VALUES(
	'Quarto Família',
	'Quarto com 75m² para até cinco pessoas. Possui dois quartos separados, banheiro único e uma cozinha tipo americana.',
	400
);

INSERT INTO TIPO_QUARTO(Tipo, Descricao, ValorDiaria)
VALUES(
	'Quarto Suíte',
	'Quarto bastante espaçoso com 200m². Semelhante a uma residência particular bem equipada',
	1000
);

--TABELA QUARTO

INSERT INTO QUARTO(Numero, Tipo, Status)
VALUES(
	1,
	'Quarto Solteiro',
	'ALTERAR'
);

INSERT INTO QUARTO(Numero, Tipo, Status)
VALUES(
	2,
	'Quarto Solteiro',
	'ALTERAR'
);

INSERT INTO QUARTO(Numero, Tipo, Status)
VALUES(
	3,
	'Quarto Solteiro',
	'ALTERAR'
);

INSERT INTO QUARTO(Numero, Tipo, Status)
VALUES(
	4,
	'Quarto Solteiro',
	'ALTERAR'
);

INSERT INTO QUARTO(Numero, Tipo, Status)
VALUES(
	5,
	'Quarto Solteiro',
	'ALTERAR'
);

INSERT INTO QUARTO(Numero, Tipo, Status)
VALUES(
	6,
	'Quarto Solteiro',
	'ALTERAR'
);

INSERT INTO QUARTO(Numero, Tipo, Status)
VALUES(
	7,
	'Quarto Solteiro',
	'ALTERAR'
);

INSERT INTO QUARTO(Numero, Tipo, Status)
VALUES(
	8,
	'Quarto Solteiro',
	'ALTERAR'
);

INSERT INTO QUARTO(Numero, Tipo, Status)
VALUES(
	9,
	'Quarto Solteiro',
	'ALTERAR'
);

INSERT INTO QUARTO(Numero, Tipo, Status)
VALUES(
	10,
	'Quarto Solteiro',
	'ALTERAR'
);

INSERT INTO QUARTO(Numero, Tipo, Status)
VALUES(
	11,
	'Quarto Solteiro',
	'ALTERAR'
);

INSERT INTO QUARTO(Numero, Tipo, Status)
VALUES(
	12,
	'Quarto Solteiro',
	'ALTERAR'
);

INSERT INTO QUARTO(Numero, Tipo, Status)
VALUES(
	13,
	'Quarto Solteiro',
	'ALTERAR'
);

INSERT INTO QUARTO(Numero, Tipo, Status)
VALUES(
	14,
	'Quarto Solteiro',
	'ALTERAR'
);

INSERT INTO QUARTO(Numero, Tipo, Status)
VALUES(
	15,
	'Quarto Solteiro',
	'ALTERAR'
);

INSERT INTO QUARTO(Numero, Tipo, Status)
VALUES(
	16,
	'Quarto Solteiro',
	'ALTERAR'
);

INSERT INTO QUARTO(Numero, Tipo, Status)
VALUES(
	17,
	'Quarto Solteiro',
	'ALTERAR'
);

INSERT INTO QUARTO(Numero, Tipo, Status)
VALUES(
	18,
	'Quarto Solteiro',
	'ALTERAR'
);

INSERT INTO QUARTO(Numero, Tipo, Status)
VALUES(
	19,
	'Quarto Solteiro',
	'ALTERAR'
);

INSERT INTO QUARTO(Numero, Tipo, Status)
VALUES(
	20,
	'Quarto Solteiro',
	'ALTERAR'
);

INSERT INTO QUARTO(Numero, Tipo, Status)
VALUES(
	21,
	'Quarto Duplo Solteiro',
	'ALTERAR'
);

INSERT INTO QUARTO(Numero, Tipo, Status)
VALUES(
	22,
	'Quarto Duplo Solteiro',
	'ALTERAR'
);

INSERT INTO QUARTO(Numero, Tipo, Status)
VALUES(
	23,
	'Quarto Duplo Solteiro',
	'ALTERAR'
);

INSERT INTO QUARTO(Numero, Tipo, Status)
VALUES(
	24,
	'Quarto Duplo Solteiro',
	'ALTERAR'
);

INSERT INTO QUARTO(Numero, Tipo, Status)
VALUES(
	25,
	'Quarto Duplo Solteiro',
	'ALTERAR'
);

INSERT INTO QUARTO(Numero, Tipo, Status)
VALUES(
	26,
	'Quarto Duplo Solteiro',
	'ALTERAR'
);

INSERT INTO QUARTO(Numero, Tipo, Status)
VALUES(
	27,
	'Quarto Duplo Solteiro',
	'ALTERAR'
);

INSERT INTO QUARTO(Numero, Tipo, Status)
VALUES(
	28,
	'Quarto Duplo Solteiro',
	'ALTERAR'
);

INSERT INTO QUARTO(Numero, Tipo, Status)
VALUES(
	29,
	'Quarto Duplo Solteiro',
	'ALTERAR'
);

INSERT INTO QUARTO(Numero, Tipo, Status)
VALUES(
	30,
	'Quarto Duplo Solteiro',
	'ALTERAR'
);

INSERT INTO QUARTO(Numero, Tipo, Status)
VALUES(
	31,
	'Quarto Casal',
	'ALTERAR'
);

INSERT INTO QUARTO(Numero, Tipo, Status)
VALUES(
	32,
	'Quarto Casal',
	'ALTERAR'
);

INSERT INTO QUARTO(Numero, Tipo, Status)
VALUES(
	33,
	'Quarto Casal',
	'ALTERAR'
);

INSERT INTO QUARTO(Numero, Tipo, Status)
VALUES(
	34,
	'Quarto Casal',
	'ALTERAR'
);

INSERT INTO QUARTO(Numero, Tipo, Status)
VALUES(
	356,
	'Quarto Casal',
	'ALTERAR'
);

INSERT INTO QUARTO(Numero, Tipo, Status)
VALUES(
	36,
	'Quarto Casal',
	'ALTERAR'
);

INSERT INTO QUARTO(Numero, Tipo, Status)
VALUES(
	37,
	'Quarto Casal',
	'ALTERAR'
);

INSERT INTO QUARTO(Numero, Tipo, Status)
VALUES(
	38,
	'Quarto Casal',
	'ALTERAR'
);

INSERT INTO QUARTO(Numero, Tipo, Status)
VALUES(
	39,
	'Quarto Casal',
	'ALTERAR'
);

INSERT INTO QUARTO(Numero, Tipo, Status)
VALUES(
	40,
	'Quarto Casal',
	'ALTERAR'
);

INSERT INTO QUARTO(Numero, Tipo, Status)
VALUES(
	41,
	'Quarto Família',
	'ALTERAR'
);

INSERT INTO QUARTO(Numero, Tipo, Status)
VALUES(
	42,
	'Quarto Família',
	'ALTERAR'
);

INSERT INTO QUARTO(Numero, Tipo, Status)
VALUES(
	43,
	'Quarto Família',
	'ALTERAR'
);

INSERT INTO QUARTO(Numero, Tipo, Status)
VALUES(
	44,
	'Quarto Família',
	'ALTERAR'
);

INSERT INTO QUARTO(Numero, Tipo, Status)
VALUES(
	45,
	'Quarto Família',
	'ALTERAR'
);

INSERT INTO QUARTO(Numero, Tipo, Status)
VALUES(
	46,
	'Quarto Família',
	'ALTERAR'
);

INSERT INTO QUARTO(Numero, Tipo, Status)
VALUES(
	47,
	'Quarto Família',
	'ALTERAR'
);

INSERT INTO QUARTO(Numero, Tipo, Status)
VALUES(
	48,
	'Quarto Família',
	'ALTERAR'
);

INSERT INTO QUARTO(Numero, Tipo, Status)
VALUES(
	49,
	'Quarto Família',
	'ALTERAR'
);

INSERT INTO QUARTO(Numero, Tipo, Status)
VALUES(
	50,
	'Quarto Família',
	'ALTERAR'
);

INSERT INTO QUARTO(Numero, Tipo, Status)
VALUES(
	51,
	'Quarto Família',
	'ALTERAR'
);

INSERT INTO QUARTO(Numero, Tipo, Status)
VALUES(
	52,
	'Quarto Suíte',
	'ALTERAR'
);

INSERT INTO QUARTO(Numero, Tipo, Status)
VALUES(
	53,
	'Quarto Suíte',
	'ALTERAR'
);

INSERT INTO QUARTO(Numero, Tipo, Status)
VALUES(
	54,
	'Quarto Suíte',
	'ALTERAR'
);

INSERT INTO QUARTO(Numero, Tipo, Status)
VALUES(
	55,
	'Quarto Suíte',
	'ALTERAR'
);

INSERT INTO QUARTO(Numero, Tipo, Status)
VALUES(
	56,
	'Quarto Suíte',
	'ALTERAR'
);

INSERT INTO QUARTO(Numero, Tipo, Status)
VALUES(
	57,
	'Quarto Suíte',
	'ALTERAR'
);

INSERT INTO QUARTO(Numero, Tipo, Status)
VALUES(
	58,
	'Quarto Suíte',
	'ALTERAR'
);

INSERT INTO QUARTO(Numero, Tipo, Status)
VALUES(
	59,
	'Quarto Suíte',
	'ALTERAR'
);

INSERT INTO QUARTO(Numero, Tipo, Status)
VALUES(
	60,
	'Quarto Suíte',
	'ALTERAR'
);
---TABELA PRODUTO
INSERT INTO PRODUTO(CODIGO , NOME , PRECO) 
VALUES(
	4,
	'Cerveja Brahma - 350ML',
	4.50
);
INSERT INTO PRODUTO(CODIGO , NOME , PRECO) 
VALUES(
	4,
	'Cerveja Bohemia - 350ML',
	4.50
);
INSERT INTO PRODUTO(CODIGO , NOME , PRECO) 
VALUES(
	4,
	'Cerveja Devassa - 350ML',
	4.50
);
INSERT INTO PRODUTO(CODIGO , NOME , PRECO) 
VALUES(
	4,
	'Cerveja Skol - 350ML',
	4.50
);

INSERT INTO PRODUTO(CODIGO , NOME , PRECO) 
VALUES(
	5,
	'Vodka CÎROC - 750ML',
	4.50
);
INSERT INTO PRODUTO(CODIGO , NOME , PRECO) 
VALUES(
	6,
	'Vodka ABSOLUT - 1L',
	69.00
);
INSERT INTO PRODUTO(CODIGO , NOME , PRECO) 
VALUES(
	7,
	'Vodka Skyy 90 - 750ML',
	99.20
);
INSERT INTO PRODUTO(CODIGO , NOME , PRECO) 
VALUES(
	8,
	'Coca-Cola - 1L',
	6.00
	
);
INSERT INTO PRODUTO(CODIGO , NOME , PRECO) 
VALUES(
	9,
	'Coca-Cola - 350ML',
	2.90
	
);
INSERT INTO PRODUTO(CODIGO , NOME , PRECO) 
VALUES(
	11,
	'Guaraná Antartica - 2L',
	7.49
	
);
INSERT INTO PRODUTO(CODIGO , NOME , PRECO) 
VALUES(
	12,
	'Guaraná Antartica - 350ML',
	2.39
	
);
INSERT INTO PRODUTO(CODIGO , NOME , PRECO) 
VALUES(
	13,
	'Guaraná Antartica - 1L',
	5.90
	
);
INSERT INTO PRODUTO(CODIGO , NOME , PRECO) 
VALUES(
	14,
	'Tapioca',
	3.50
	
);
INSERT INTO PRODUTO(CODIGO , NOME , PRECO) 
VALUES(
	15,
	'Baião de Dois',
	9.00
	
);
INSERT INTO PRODUTO(CODIGO , NOME , PRECO) 
VALUES(
	16,
	'Carne de Sol com Queijo Coalho',
	11.00
	
);
INSERT INTO PRODUTO(CODIGO , NOME , PRECO) 
VALUES(
	17,
	'Vatapá',
	5.00
	
);
INSERT INTO PRODUTO(CODIGO , NOME , PRECO) 
VALUES(
	18,
	'Buchada de Bode',
	8.00
	
);
INSERT INTO PRODUTO(CODIGO , NOME , PRECO) 
VALUES(
	19,
	'Macaxeira',
	5.00
	
);
INSERT INTO PRODUTO(CODIGO , NOME , PRECO) 
VALUES(
	10,
	'Cuscuz de Milho.',
	6.50
	
);
INSERT INTO PRODUTO(CODIGO , NOME , PRECO) 
VALUES(
	20,
	'Sarapatel',
	7.50
	
);